"","specificity","sensitivity","accuracy","threshold","AUC","coefs","Prev"
"Unsampled",0.730182575830035,0.710678914458415,0.729602371460697,0.0280472928151733,0.782105232625452,6.7,0.0299945858148349
"Down Sampled",0.751564313493745,0.680820825971098,0.749463354799141,0.499882449470071,0.777936743900564,9.7,NA
"Up Sampled",0.724157517932523,0.707172667717178,0.723643054277829,0.460175148858758,0.776814771915183,29.8,NA
"SMOTE",0.721460370384153,0.713625948331427,0.721240928140652,0.38852803045034,0.777518703128243,15.6,NA
