"","specificity","sensitivity","accuracy","threshold","AUC","coefs","Prev"
"Unsampled",0.733478236890899,0.72302186531205,0.733159562506389,0.028437831025537,0.792700256994764,6.6,0.0298790831979787
"Unsamped 0.5",0.999537071936669,0.0195461173198463,0.971532249821118,0.5,0.792700256994764,6.6,NA
"Down Sampled",0.763824012021815,0.687413898518125,0.761698865378718,0.503571453823618,0.787805179010877,8.7,NA
"Up Sampled",0.762981864037886,0.691195172070342,0.760932229377492,0.49998938437518,0.788586646870749,26.4,NA
"SMOTE",0.755703198481681,0.692672323391493,0.753899621792906,0.416634015809743,0.787118829606533,14.2,NA
