"","specificity","sensitivity","accuracy","threshold","AUC","coefs","Prev"
"Unsampled",0.707549826127699,0.655035978169926,0.686615659818052,0.394390893538972,0.740856034964953,8.863,0.403473271972568
"Unsamped 0.5",0.843029445890406,0.488620845169133,0.701801390166616,0.5,0.740856034964953,8.863,NA
"Down Sampled",0.706655387740851,0.655691460292721,0.686348870489625,0.486143536751373,0.740707433247056,8.924,NA
"Up Sampled",0.707933416170723,0.65442833448087,0.686615557599918,0.48741094800254,0.740692883731038,9.926,NA
"SMOTE",0.70803673236284,0.64386166372578,0.68244342226311,0.411476519631028,0.734463051181178,27.938,NA
