"","specificity","sensitivity","accuracy","threshold","AUC","coefs","Prev"
"Unsampled",0.742078766612024,0.693310033282986,0.739675764080548,0.0504227527164981,0.78238354594578,7.358,0.0506032485110991
"Unsamped 0.5",0.99898752774547,0.037036240090588,0.95163518348155,0.5,0.78238354594578,7.358,NA
"Down Sampled",0.738934727306341,0.691830390987974,0.73662905039354,0.488352240255515,0.779350725734156,8.77,NA
"Up Sampled",0.740500630886557,0.690937836117199,0.738059388735562,0.485872389653619,0.779746889209075,22.928,NA
"SMOTE",0.737691934702634,0.68995510297631,0.735350097107227,0.413688421825634,0.777261405721798,15.945,NA
