"","Specificity","Sensitivity","AUC","Threshold"
"Full Youden","0.649311959177432","0.681020685006939","0.649632423591945","0.0103971345134133"
"Full 0.5","1","0","0.989882040273945","0.5"
"Down Youden","0.644832486552319","0.680126144819386","0.645196156598181","0.491858068693923"
"Down 0.5","0.645567423428467","0.648465610491467","0.64559194521108","0.5"
"Up Youden","0.649992796035636","0.683147421403573","0.650331902279464","0.49665216996269"
"Up 0.5","0.647013212227378","0.651280108553653","0.647052233466217","0.5"
"SMOTE Youden","0.648312157834656","0.681488852879736","0.6486457119493","0.424548190514268"
"SMOTE 0.5","0.7916158111804","0.486431275297574","0.788533067566186","0.5"
"","percent","1.01347049269085","",""
